ASTCLS,CODE,NAME,SYMBOLCODE,SYMBOLNAME,ISINCODE,QUANTITY,UNITCOST,MARKETRATE,ACCRUEDINTEREST,MARKETVALUE,GainLoss,GainLoss Percentage,POSITIONFLAG,ASONDATE
EQUITY,4810001,TRUE BEACON AIF-TRUE BEACON AIF SCHEME 1  ,MUNDRAPORT,Adani Ports and Special Economic Zone Ltd,INE742F01042,14158,728.493950060506,703.6,0,9961568.8,-352448.544956643948,-3.4171800683366555107083899896067471189E00,Long,07/07/2022
EQUITY,4810001,TRUE BEACON AIF-TRUE BEACON AIF SCHEME 1  ,ASIANPAINT,Asian Paints Ltd,INE021A01026,3724,2523.433527991069,2891.4,0,10767573.6,1370307.141761259044,1.45819760230368674200566230500399873028E01,Long,07/07/2022
EQUITY,4810001,TRUE BEACON AIF-TRUE BEACON AIF SCHEME 1  ,UTIBANK,Axis Bank Ltd,INE238A01034,181273,722.557551062028,658.15,181273,119486097.95,-11675350.003667001644,-8.913829904256156557277192057280445376E00,Long,07/07/2022
EQUITY,4810001,TRUE BEACON AIF-TRUE BEACON AIF SCHEME 1  ,BAJAJ-AUTO,Bajaj Auto Ltd,INE917I01010,8336,4081.132545546646,3795.5,1167040,32806328,-2381032.899676841056,-6.9988549099766383497551684032991229921E00,Long,07/07/2022
EQUITY,4810001,TRUE BEACON AIF-TRUE BEACON AIF SCHEME 1  ,BAJAJFINSV,Bajaj Finserv Limited,INE918I01018,4090,11917.778764649022,11967.35,23324,48969785.5,202746.35258550002,4.15943577489608403965044385383574734305E-01,Long,07/07/2022
EQUITY,4810001,TRUE BEACON AIF-TRUE BEACON AIF SCHEME 1  ,BANKBARODA,Bank of Baroda,INE028A01039,1216,83.566017,105,3465.6,131145.6,26063.723328,2.56491619075251606164261723757876362589E01,Long,07/07/2022
EQUITY,4810001,TRUE BEACON AIF-TRUE BEACON AIF SCHEME 1  ,BERGEPAINT,Berger Paints India Ltd,INE463A01038,645,774.742838085271,593.25,0,382646.25,-117062.880564999795,-2.3426204046470351694626993945373473203E01,Long,07/07/2022
EQUITY,4810001,TRUE BEACON AIF-TRUE BEACON AIF SCHEME 1  ,BPCL,Bharat Petroleum Corporation Ltd,INE029A01011,62971,474.624593491717,329.4,0,20742647.4,-9144937.876766911207,-3.0597780958489546580310463651363046299E01,Long,07/07/2022
EQUITY,4810001,TRUE BEACON AIF-TRUE BEACON AIF SCHEME 1  ,CIPLA,Cipla Ltd,INE059A01026,34378,963.48481660867,935.25,0,32152024.5,-970656.52537285726,-2.9304890042847330743632720825642022173E00,Long,07/07/2022
EQUITY,4810001,TRUE BEACON AIF-TRUE BEACON AIF SCHEME 1  ,DABUR,Dabur India Ltd,INE016A01026,822,580.75425903893,543.55,0,446798.1,-30581.90093000046,-6.4061965039219915046758475355803964159E00,Long,07/07/2022
EQUITY,4810001,TRUE BEACON AIF-TRUE BEACON AIF SCHEME 1  ,DRREDDY,Dr. Reddys Laboratories Ltd,INE089A01023,7739,5264.392071463091,4336.45,0,33559786.55,-7181343.691052861249,-1.76267659943723639327128884762800669E01,Long,07/07/2022
EQUITY,4810001,TRUE BEACON AIF-TRUE BEACON AIF SCHEME 1  ,EICHERMOT,Eicher Motors Ltd,INE066A01021,9252,2661.458151378417,2944.2,0,27239738.4,2615927.583446885916,1.06235692067953770397166443391360116859E01,Long,07/07/2022
EQUITY,4810001,TRUE BEACON AIF-TRUE BEACON AIF SCHEME 1  ,GAIL,GAIL India Ltd,INE129A01019,1561,131.30851201025,136.8,0,213544.8,8572.21275199975,4.18212643314496781488365415257651038598E00,Long,07/07/2022
EQUITY,4810001,TRUE BEACON AIF-TRUE BEACON AIF SCHEME 1  ,GRASIM,Grasim Industries Ltd,INE047A01021,25221,1509.087887844505,1374.85,0,34675091.85,-3385613.769326260605,-8.8952995332990669400497755594225800655E00,Long,07/07/2022
EQUITY,4810001,TRUE BEACON AIF-TRUE BEACON AIF SCHEME 1  ,HCLTECH,HCL Technologies Ltd,INE860A01027,72438,918.979304816578,989.85,0,71702754.3,5133731.417696722836,7.71189240192599410946046243287867830752E00,Long,07/07/2022
EQUITY,4810001,TRUE BEACON AIF-TRUE BEACON AIF SCHEME 1  ,HDFCBANK,HDFC Bank Ltd,INE040A01034,9295,1422.385321980395,1395.8,144072.5,13118033.5,-247110.567807771525,-1.8690661081471305010065510880407084474E00,Long,07/07/2022
EQUITY,4810001,TRUE BEACON AIF-TRUE BEACON AIF SCHEME 1  ,HINDALCO,Hindalco Industries Ltd,INE038A01020,99085,441.384208570297,361.65,0,35834090.25,-7900464.056187878245,-1.8064581156758384885496771952828560295E01,Long,07/07/2022
EQUITY,4810001,TRUE BEACON AIF-TRUE BEACON AIF SCHEME 1  ,HDFC,Housing Development Finance Corp Ltd,INE001A01036,115230,2523.255745264429,2245.55,0,258754726.5,-32000033.02682015367,-1.1005850111928560797055806404988619244E01,Long,07/07/2022
EQUITY,4810001,TRUE BEACON AIF-TRUE BEACON AIF SCHEME 1  ,ICICIBANK,ICICI Bank Ltd,INE090A01021,474784,685.284270972748,742,0,352289728,26927720.690474813568,8.27623388272798096335134319347780682494E00,Long,07/07/2022
EQUITY,4810001,TRUE BEACON AIF-TRUE BEACON AIF SCHEME 1  ,ITC,ITC Ltd,INE154A01025,1344,219.475326928571,291.95,8400,400780.8,97405.960608000576,3.30217861322590177147389755402715052516E01,Long,07/07/2022
EQUITY,4810001,TRUE BEACON AIF-TRUE BEACON AIF SCHEME 1  ,INDUSINDBK,IndusInd Bank Ltd,INE095A01012,208,910.207394692308,861,0,179088,-10235.138096000064,-5.4061739092926579249535502864649960296E00,Long,07/07/2022
EQUITY,4810001,TRUE BEACON AIF-TRUE BEACON AIF SCHEME 1  ,INFOSYSTCH,Infosys Ltd,INE009A01021,250917,1439.969566487548,1498.7,0,376049307.9,14736464.185643918484,4.07858852570825258779670130009184782628E00,Long,07/07/2022
EQUITY,4810001,TRUE BEACON AIF-TRUE BEACON AIF SCHEME 1  ,KOTAKBANK,Kotak Mahindra Bank Ltd,INE237A01028,101109,1809.885567021064,1738.5,0,175777996.5,-7217723.295932759976,-3.9442033420134563130663545184354576979E00,Long,07/07/2022
EQUITY,4810001,TRUE BEACON AIF-TRUE BEACON AIF SCHEME 1  ,L&T,Larsen and Toubro Ltd,INE018A01030,74723,1376.315175379569,1611.1,0,120386225.3,17543826.450112465613,1.70589432435546995781596219309414578411E01,Long,07/07/2022
EQUITY,4810001,TRUE BEACON AIF-TRUE BEACON AIF SCHEME 1  ,M&M,Mahindra and Mahindra Ltd,INE101A01026,27067,758.309785570786,1133.3,0,30675031.1,10149860.133955535338,4.945079459141566893844606790785394215E01,Long,07/07/2022
EQUITY,4810001,TRUE BEACON AIF-TRUE BEACON AIF SCHEME 1  ,MARUTI,Maruti Suzuki India Ltd,INE585B01010,39706,7134.604733982554,8606.4,0,341725718.4,58439102.832488710876,2.06289671382521879958001815874351883847E01,Long,07/07/2022
EQUITY,4810001,TRUE BEACON AIF-TRUE BEACON AIF SCHEME 1  ,NTPC,NTPC Ltd,INE733E01010,2658,126.057495333333,140.45,0,373316.1,38255.277404000886,1.14174128468989449893846769670731397013E01,Long,07/07/2022
EQUITY,4810001,TRUE BEACON AIF-TRUE BEACON AIF SCHEME 1  ,NESTLE,Nestle India Ltd,INE239A01016,2202,17643.72461670082,18204.95,0,40087299.9,1235818.29402479436,3.18087816201771401341252636931999105,Long,07/07/2022
EQUITY,4810001,TRUE BEACON AIF-TRUE BEACON AIF SCHEME 1  ,RELIANCE,Reliance Industries Ltd,INE002A01018,221237,2087.117263343838,2388.1,0,528336079.7,66588517.709599312394,1.44209787318776633178509855486336192654E01,Long,07/07/2022
EQUITY,4810001,TRUE BEACON AIF-TRUE BEACON AIF SCHEME 1  ,SHREECEM,Shree Cements,INE070A01015,1089,28236.478180316876,20014.6,0,21795899.4,-8953625.338365077964,-2.9117930812094669893991244533551514971E01,Long,07/07/2022
EQUITY,4810001,TRUE BEACON AIF-TRUE BEACON AIF SCHEME 1  ,SBIN,State Bank of India,INE062A01020,350698,311.970904833382,486.75,0,170702251.5,61294679.116742599364,5.60241652214216398188248701696491928243E01,Long,07/07/2022
EQUITY,4810001,TRUE BEACON AIF-TRUE BEACON AIF SCHEME 1  ,TCS,Tata Consultancy Services Ltd.,INE467B01029,49729,3099.416768523178,3287.85,0,163501492.65,9370596.168110881238,6.07963515557178163868611632478445539385E00,Long,07/07/2022
EQUITY,4810001,TRUE BEACON AIF-TRUE BEACON AIF SCHEME 1  ,TITAN,Titan Company Ltd,INE280A01028,7753,1492.788278987764,2127.5,0,16494507.5,4920919.973007865708,4.25185359468808214067214241107614185289E01,Long,07/07/2022
EQUITY,4810001,TRUE BEACON AIF-TRUE BEACON AIF SCHEME 1  ,UNITEDPHOS,UPL Ltd,INE628A01036,27366,596.744313118696,682.75,0,18684136.5,2353631.627193765264,1.44124853795124405909393079572052292063E01,Long,07/07/2022
EQUITY,4810001,TRUE BEACON AIF-TRUE BEACON AIF SCHEME 1  ,WIPRO,Wipro Ltd,INE075A01022,101382,414.709883098648,420.8,0,42661545.6,617428.231692868464,1.46852466014255314799492593007868237095E00,Long,07/07/2022
FIXED,4810001,TRUE BEACON AIF-TRUE BEACON AIF SCHEME 1  ,TB2FIIS02,7.36 PFC BONDS TRANCHE I SERIES II 04012028,TBE134E07349,20000,1139.126165697674,1083.233,746082.191780821918,22410742.191780821918,-1117863.31395348,-4.9066703391403038115717653439779255579E00,Long,07/07/2022
FIXED,4810001,TRUE BEACON AIF-TRUE BEACON AIF SCHEME 1  ,TB2FIIS23,7.53 INDIAN RAILWAY FINANCE CORPORATION LIMITED SR-103A BD 21DC30 FVRS1000 LOAUPTO20DC15,TBE053F07835,100000,1208.844224,1111.597,5285479.452054794521,116445179.452054794521,-9724722.4,-8.0446447994940330707159833358313668048E00,Long,07/07/2022
FIXED,4810001,TRUE BEACON AIF-TRUE BEACON AIF SCHEME 1  ,TB2FIIS08,8.10 IRFC 2027,TBE053F07538,26999,1173.689477622692,1103.325,1593754.668493150685,31382426.343493150685,-1899770.531335061308,-5.9951528035520304068045922183266152453E00,Long,07/07/2022
FIXED,4810001,TRUE BEACON AIF-TRUE BEACON AIF SCHEME 1  ,TB2FIIS15,8.26 IIFCL 2028,TBE787H07198,65,1218460.2375,1137313,4692358.904109589041,78617703.904109589041,-5274570.4375,-6.6598182692030604732803190879669555077E00,Long,07/07/2022
FIXED,4810001,TRUE BEACON AIF-TRUE BEACON AIF SCHEME 1  ,TB2FIIS11,8.46 REC LIMITED 2028,TBE020B07HN3,50,1229578.240000000001,1147766,3627369.86301369863,61015669.86301369863,-4090612.00000000005,-6.6536831360971385548806693780648407092E00,Long,07/07/2022
FIXED,4810001,TRUE BEACON AIF-TRUE BEACON AIF SCHEME 1  ,TB2FIIS14,8.51 HUDCO 2028,TBE031A07915,10000,1238.61024,1153.322,596865.753424657534,12130085.753424657534,-852882.4,-6.8858012993659732701709296380433605974E00,Long,07/07/2022
FIXED,4810001,TRUE BEACON AIF-TRUE BEACON AIF SCHEME 1  ,TB2FIIS19,8.54 NHPC LIMITED 2028,TBE848E07526,37550,1244.226302507327,1155.764,860995.780821917808,44259933.980821917808,-3321759.45915012885,-7.1098241798184509270446565005464862384E00,Long,07/07/2022
FIXED,4810001,TRUE BEACON AIF-TRUE BEACON AIF SCHEME 1  ,TB2FIIS24,8.63 IRFC 2029,TBE053F07728,80000,1256.40732,1166.072,1558128.753424657534,94843888.753424657534,-7226825.6,-7.1899708448053295327824100865633288415E00,Long,07/07/2022
FIXED,4810001,TRUE BEACON AIF-TRUE BEACON AIF SCHEME 1  ,TB2FIIS25,8.63 REC 24032029,TBE020B07ID2,155000,1255.62526,1166.071,8025900,188766905,-13880910.3,-7.1322442175143880109579827981479123795E00,Long,07/07/2022
FIXED,4810001,TRUE BEACON AIF-TRUE BEACON AIF SCHEME 1  ,TB2FIIS26,GOI LOAN 4.56% 2023,TB0020210210,10500000,97.657142857142,97.7091,5187000,1031132550,545550.000009,5.32036278534235213893609136060976245838E-02,Long,07/07/2022
FIXED,4810001,TRUE BEACON AIF-TRUE BEACON AIF SCHEME 1  ,TB2FIIS22,INDIAN RAILWAY FINANCE CORPORATION LIMITED SR-103 7.28 BD 21DC30 FVRS1000 LOA UPTO20DC15,TBE053F07801,26067,1208.844225,1111.244,1377765.928767123288,30344563.276767123288,-2544145.065075,-8.0738463220933201711742470374956707098E00,Long,07/07/2022
FIXED,4810001,TRUE BEACON AIF-TRUE BEACON AIF SCHEME 1  ,TB2FIIS09,NHAI SR IIA 7.35 11JN31 FVRS1000,TBE906B07EI0,0,0,1116.513,0.001104,0.001104,0,0,Long,07/07/2022
FUTURES,4810001,TRUE BEACON AIF-TRUE BEACON AIF SCHEME 1  ,FUT16003,Aarti Industries - 28/07/2022,,13600,694.955993655,707.7,0,9624720,173318.486292,1.83378609024941542001585832772236096875E00,Long,07/07/2022
FUTURES,4810001,TRUE BEACON AIF-TRUE BEACON AIF SCHEME 1  ,FUT15929,Adani Ports and Special Economic Zone Ltd - 28/07/2022,,32500,679.295295219,701.05,0,22784125,707027.9053825,3.2025401815842750688167857248726033444E00,Long,07/07/2022
FUTURES,4810001,TRUE BEACON AIF-TRUE BEACON AIF SCHEME 1  ,FUT15946,Aditya Birla Fashion and Retail Ltd - 28/07/2022,,20800,237.3480852525,251.25,0,5226000,289159.826748,5.8571842838801963298766468948175699798E00,Long,07/07/2022
FUTURES,4810001,TRUE BEACON AIF-TRUE BEACON AIF SCHEME 1  ,FUT15884,Apollo Hospitals Enterprise - 28/07/2022,,5250,3789.318249788059,3923.85,0,20600212.5,706291.68861269025,3.55028903205650562808840029715706344997E00,Long,07/07/2022
FUTURES,4810001,TRUE BEACON AIF-TRUE BEACON AIF SCHEME 1  ,FUT15938,Apollo Tyres - 28/07/2022,,157500,183.999317114667,198.1,0,31200750,2220857.5544399475,7.66344305318565924579143960226131162828E00,Long,07/07/2022
FUTURES,4810001,TRUE BEACON AIF-TRUE BEACON AIF SCHEME 1  ,FUT15930,Asian Paints Ltd - 28/07/2022,,26200,2720.931855557701,2900.75,0,75999650,4711235.3843882338,6.60869709305682814408636260653976998919E00,Long,07/07/2022
FUTURES,4810001,TRUE BEACON AIF-TRUE BEACON AIF SCHEME 1  ,FUT15885,Axis Bank Ltd - 28/07/2022,,66000,655.987849503281,660.95,0,43622700,327501.932783454,7.56439391442444883815911804226489706301E-01,Long,07/07/2022
FUTURES,4810001,TRUE BEACON AIF-TRUE BEACON AIF SCHEME 1  ,FUT15926,Bajaj Finance Ltd - 28/07/2022,,25000,5542.12556175543,5867.35,0,146683750,8130610.95611425,5.86822573073493132939701559133145964317E00,Long,07/07/2022
FUTURES,4810001,TRUE BEACON AIF-TRUE BEACON AIF SCHEME 1  ,FUT15971,Berger Paints India Ltd - 28/07/2022,,24200,572.732360905909,596,0,14423200,563076.8660770022,4.06256755900571688526328427153657496995E00,Long,07/07/2022
FUTURES,4810001,TRUE BEACON AIF-TRUE BEACON AIF SCHEME 1  ,FUT15875,Bharat Forge Ltd - 28/07/2022,,52000,642.284413838077,655.35,0,34078200,679410.480419996,2.03423683969651758012950819654688110758E00,Long,07/07/2022
FUTURES,4810001,TRUE BEACON AIF-TRUE BEACON AIF SCHEME 1  ,FUT15874,Bharti Airtel Ltd - 28/07/2022,,156750,686.099759112363,689.25,0,108039937.5,493800.25913709975,4.59152017734651764877359946344311723259E-01,Long,07/07/2022
FUTURES,4810001,TRUE BEACON AIF-TRUE BEACON AIF SCHEME 1  ,FUT15887,Biocon Ltd - 28/07/2022,,170200,311.626060064594,322.65,0,54915030,1876274.5770061012,3.53755393022039055857954913096521068692E00,Long,07/07/2022
FUTURES,4810001,TRUE BEACON AIF-TRUE BEACON AIF SCHEME 1  ,FUT15939,Britannia Industries Ltd - 28/07/2022,,4600,3465.742355913139,3825.65,0,17597990,1655575.1627995606,1.03847201299542092029670634194075452779E01,Long,07/07/2022
FUTURES,4810001,TRUE BEACON AIF-TRUE BEACON AIF SCHEME 1  ,FUT15905,Canara Bank - 28/07/2022,,129600,185.5624423825,208.6,0,27034560,2985667.467228,1.24149894352072955637930732063180624589E01,Long,07/07/2022
FUTURES,4810001,TRUE BEACON AIF-TRUE BEACON AIF SCHEME 1  ,FUT15962,Cholamandalam Investments and Finance Ltd - 28/07/2022,,15000,646.56796608,644.1,0,9661500,-37019.4912,-3.8170249834100781932756528561731246851E-01,Long,07/07/2022
FUTURES,4810001,TRUE BEACON AIF-TRUE BEACON AIF SCHEME 1  ,FUT15921,Coal India Ltd - 28/07/2022,,134400,184.729667147143,186.2,0,25025280,197612.7354239808,7.95937585751093005650396814008134717183E-01,Long,07/07/2022
FUTURES,4810001,TRUE BEACON AIF-TRUE BEACON AIF SCHEME 1  ,FUT15953,Divis Laboratories Ltd - 28/07/2022,,8250,3626.449005139637,3671.3,0,30288225,370020.70759799475,1.23677445337842287559027654517403052633E00,Long,07/07/2022
FUTURES,4810001,TRUE BEACON AIF-TRUE BEACON AIF SCHEME 1  ,FUT15927,Dixon Technologies India Ltd - 28/07/2022,,2625,3713.670384217143,3711.65,0,9743081.25,-5303.508570000375,-5.4403972569280816976348177582177370666E-02,Long,07/07/2022
FUTURES,4810001,TRUE BEACON AIF-TRUE BEACON AIF SCHEME 1  ,FUT15956,Dr. Lal Pathlabs Ltd - 28/07/2022,,2500,2089.958207979,2146.35,0,5365875,140979.4800525,2.6982258212488920459055546497148026453E00,Long,07/07/2022
FUTURES,4810001,TRUE BEACON AIF-TRUE BEACON AIF SCHEME 1  ,FUT15876,Eicher Motors Ltd - 28/07/2022,,5250,2813.578605009375,2929.1,0,15377775,606487.32370078125,4.10585276647140541869251617166023966865E00,Long,07/07/2022
FUTURES,4810001,TRUE BEACON AIF-TRUE BEACON AIF SCHEME 1  ,FUT16012,Glenmark Pharmaceuticals Ltd - 28/07/2022,,25300,387.937755797728,392,0,9917600,102774.7783174816,1.04713814047789338130507835907402838575E00,Long,07/07/2022
FUTURES,4810001,TRUE BEACON AIF-TRUE BEACON AIF SCHEME 1  ,FUT15920,Godrej Properties Ltd - 28/07/2022,,29575,1208.65829936044,1311.1,0,38775782.5,3029713.296414987,8.47565442555326806956676516975237776629E00,Long,07/07/2022
FUTURES,4810001,TRUE BEACON AIF-TRUE BEACON AIF SCHEME 1  ,FUT15925,Gujarat State Petronet Ltd - 28/07/2022,,172500,219.4228293,232.8,0,40158000,2307561.94575,6.09652639275306254562090818869957940151E00,Long,07/07/2022
FUTURES,4810001,TRUE BEACON AIF-TRUE BEACON AIF SCHEME 1  ,FUT15898,HDFC Bank Ltd - 28/07/2022,,256850,1351.030690543859,1397.05,0,358832292.5,11820059.63380981585,3.40623716235608775335679493005975080117E00,Long,07/07/2022
FUTURES,4810001,TRUE BEACON AIF-TRUE BEACON AIF SCHEME 1  ,FUT15942,HDFC Life Insurance Company Limited - 28/07/2022,,58300,550.013136168201,557.1,0,32478930,413164.1613938817,1.28848992247191475541468061632712587732E00,Long,07/07/2022
FUTURES,4810001,TRUE BEACON AIF-TRUE BEACON AIF SCHEME 1  ,FUT15913,Hindustan Unilever Ltd - 28/07/2022,,32400,2237.37730195721,2483.15,0,80454060,7963035.416586396,1.0984857038989055603058201441097331933E01,Long,07/07/2022
FUTURES,4810001,TRUE BEACON AIF-TRUE BEACON AIF SCHEME 1  ,FUT15941,Housing Development Finance Corp Ltd - 28/07/2022,,10500,2226.860265919428,2255.15,0,23679075,297042.207846006,1.27038658480404068061575946486377918587E00,Long,07/07/2022
FUTURES,4810001,TRUE BEACON AIF-TRUE BEACON AIF SCHEME 1  ,FUT15955,ICICI Lombard General Insurance Company Ltd - 28/07/2022,,27625,1124.361682756153,1279.8,0,35354475,4293983.513861273375,1.38245832838077808811336698179902329383E01,Long,07/07/2022
FUTURES,4810001,TRUE BEACON AIF-TRUE BEACON AIF SCHEME 1  ,FUT15975,IDFC First Bank Ltd - 28/07/2022,,255000,31.445520054706,34.4,0,8772000,753392.38604997,9.395551226864970736153350649249711863,Long,07/07/2022
FUTURES,4810001,TRUE BEACON AIF-TRUE BEACON AIF SCHEME 1  ,FUT15870,ITC Ltd - 28/07/2022,,534400,273.466250104865,291.55,0,155804320,9663955.943960144,6.61279038572419717680347049427307416041E00,Long,07/07/2022
FUTURES,4810001,TRUE BEACON AIF-TRUE BEACON AIF SCHEME 1  ,FUT16013,IndiaMART InterMESH Ltd - 28/07/2022,,2550,3735.501890071765,3923.85,0,10005817.5,480287.68031699925,5.04210988164207647726393102738040750659E00,Long,07/07/2022
FUTURES,4810001,TRUE BEACON AIF-TRUE BEACON AIF SCHEME 1  ,FUT15901,IndusInd Bank Ltd - 28/07/2022,,76500,814.249203358347,856.85,0,65549025,3258960.9430864545,5.23191136889631104335279727200132752966E00,Long,07/07/2022
FUTURES,4810001,TRUE BEACON AIF-TRUE BEACON AIF SCHEME 1  ,FUT15902,Infosys Ltd - 28/07/2022,,21900,1477.116191570105,1504.7,0,32952930,604085.4046147005,1.86740952318549224661794729643030170845E00,Long,07/07/2022
FUTURES,4810001,TRUE BEACON AIF-TRUE BEACON AIF SCHEME 1  ,FUT15976,InterGlobe Aviation Limited - 28/07/2022,,3000,1612.081895646,1695.85,0,5087550,251304.313062,5.19626853823279897594880678288187760973E00,Long,07/07/2022
FUTURES,4810001,TRUE BEACON AIF-TRUE BEACON AIF SCHEME 1  ,FUT15889,Jindal Steel and Power Ltd - 28/07/2022,,103750,331.544906725301,351.15,0,36431812.5,2034028.42725002125,5.91325424611111588618816401489769368325E00,Long,07/07/2022
FUTURES,4810001,TRUE BEACON AIF-TRUE BEACON AIF SCHEME 1  ,FUT15915,LIC Housing Finance Ltd - 28/07/2022,,14000,325.685953517143,352.2,0,4930800,371196.650759998,8.14098557107756593609130670462761216124E00,Long,07/07/2022
FUTURES,4810001,TRUE BEACON AIF-TRUE BEACON AIF SCHEME 1  ,FUT15978,Larsen and Toubro Ltd - 28/07/2022,,9000,1538.296938317,1590,0,14310000,465327.555147,3.36105860937138810116338538270639581399E00,Long,07/07/2022
FUTURES,4810001,TRUE BEACON AIF-TRUE BEACON AIF SCHEME 1  ,FUT15914,Laurus Labs Limited - 28/07/2022,,30600,467.387021002059,491.15,0,15029190,727147.1573369946,5.08421884437315514030809099760197585939E00,Long,07/07/2022
FUTURES,4810001,TRUE BEACON AIF-TRUE BEACON AIF SCHEME 1  ,FUT15966,Mahindra and Mahindra Financial Services Ltd - 28/07/2022,,56000,172.40768904,185.9,0,10410400,755569.41376,7.82581741865913708322854740353754236482E00,Long,07/07/2022
FUTURES,4810001,TRUE BEACON AIF-TRUE BEACON AIF SCHEME 1  ,FUT15873,Mahindra and Mahindra Ltd - 28/07/2022,,7700,1088.58426297857,1118.2,0,8610140,228041.175065011,2.72057368718484027369810611258611444211E00,Long,07/07/2022
FUTURES,4810001,TRUE BEACON AIF-TRUE BEACON AIF SCHEME 1  ,FUT15996,Manappuram Finance Ltd - 28/07/2022,,162000,90.359585413334,90.15,0,14604300,-33952.836960108,-2.3194596608128341952609453743729832826E-01,Long,07/07/2022
FUTURES,4810001,TRUE BEACON AIF-TRUE BEACON AIF SCHEME 1  ,FUT15961,Marico Ltd - 28/07/2022,,38400,488.09051786625,500.5,0,19219200,476524.113936,2.54245507329247761795870183530583638683E00,Long,07/07/2022
FUTURES,4810001,TRUE BEACON AIF-TRUE BEACON AIF SCHEME 1  ,FUT15922,MindTree Limited - 28/07/2022,,9600,2960.378902010625,2891.45,0,27757920,-661717.459302,-2.3283810718894796903640324208370142463E00,Long,07/07/2022
FUTURES,4810001,TRUE BEACON AIF-TRUE BEACON AIF SCHEME 1  ,FUT15977,NIPPON LIFE INDIA ASSET MANAGEMENT LIMITED - 28/07/2022,,235200,268.644293926326,280.75,0,66032400,2847262.0685281248,4.50622118070890922874970193306583143067E00,Long,07/07/2022
FUTURES,4810001,TRUE BEACON AIF-TRUE BEACON AIF SCHEME 1  ,FUT15933,NMDC Ltd - 28/07/2022,,134000,109.119866529,110.15,0,14760100,138037.885114,9.44038426518995838681209536471023115139E-01,Long,07/07/2022
FUTURES,4810001,TRUE BEACON AIF-TRUE BEACON AIF SCHEME 1  ,FUT15909,NTPC Ltd - 28/07/2022,,307800,141.231737251052,141.1,0,43430580,-40548.7258738056,-9.327737066479986392761468735065176966E-02,Long,07/07/2022
FUTURES,4810001,TRUE BEACON AIF-TRUE BEACON AIF SCHEME 1  ,FUT15954,Nestle India Ltd - 28/07/2022,,560,18274.432860499287,18285.45,0,10239852,6169.59812039928,6.02871759950858139385750321564863429595E-02,Long,07/07/2022
FUTURES,4810001,TRUE BEACON AIF-TRUE BEACON AIF SCHEME 1  ,FUT15973,Nifty FNO SPOT - 28/07/2022,,10300,15763.763669997424,16148.15,0,166325945,3959179.1990265328,2.43841723365952246369815736585871351454E00,Long,07/07/2022
FUTURES,4810001,TRUE BEACON AIF-TRUE BEACON AIF SCHEME 1  ,FUTUREBORROW,Notional Amount Adj.,,-2909095099.500053,1,1,0,-2909095099.500053,0,0,Long,07/07/2022
FUTURES,4810001,TRUE BEACON AIF-TRUE BEACON AIF SCHEME 1  ,FUT15923,Oil and Natural Gas Corporation Ltd - 28/07/2022,,300300,147.596967146539,123.8,0,37177140,-7146229.2341056617,-1.6122937758546629374845727541538722349E01,Long,07/07/2022
FUTURES,4810001,TRUE BEACON AIF-TRUE BEACON AIF SCHEME 1  ,FUT15892,Persistent Systems Ltd - 28/07/2022,,7650,3463.627019895294,3385.45,0,25898692.5,-598054.2021989991,-2.2570854034294172887736279891471488441E00,Long,07/07/2022
FUTURES,4810001,TRUE BEACON AIF-TRUE BEACON AIF SCHEME 1  ,FUT15944,Power Grid Corporation of India Ltd - 28/07/2022,,221400,212.603384127073,213.5,0,47268900,198510.7542660378,4.21731703193911943001057911980491185178E-01,Long,07/07/2022
FUTURES,4810001,TRUE BEACON AIF-TRUE BEACON AIF SCHEME 1  ,FUT15934,Reliance Industries Ltd - 28/07/2022,,19750,2587.850305062518,2396.7,0,47334825,-3775218.5249847305,-7.3864513990078007357681495852988478112E00,Long,07/07/2022
FUTURES,4810001,TRUE BEACON AIF-TRUE BEACON AIF SCHEME 1  ,FUT15916,SBI Life Insurance Company Ltd - 28/07/2022,,28500,1064.743639294616,1129.15,0,32180775,1835581.280103444,6.04900168720920371605166568925773358041E00,Long,07/07/2022
FUTURES,4810001,TRUE BEACON AIF-TRUE BEACON AIF SCHEME 1  ,FUT16011,SRF - 28/07/2022,,9000,2069.44854328875,2081.6,0,18734400,109363.11040125,5.87183322371427920865800521549861073015E-01,Long,07/07/2022
FUTURES,4810001,TRUE BEACON AIF-TRUE BEACON AIF SCHEME 1  ,FUT15910,Shree Cements - 28/07/2022,,1575,19286.527601086188,19821.7,0,31219177.5,842896.5282892539,2.77485097360746214215768202414695072832E00,Long,07/07/2022
FUTURES,4810001,TRUE BEACON AIF-TRUE BEACON AIF SCHEME 1  ,FUT15917,Sun Pharmaceuticals Industries Ltd - 28/07/2022,,53200,833.470253822256,850.5,0,45246600,905982.4966559808,2.04323382863951921388870910221282439513E00,Long,07/07/2022
FUTURES,4810001,TRUE BEACON AIF-TRUE BEACON AIF SCHEME 1  ,FUT15912,TATA Motors Right Issue - 28/07/2022,,260775,417.340868622581,432.6,0,112811265,3979199.984946439725,3.65627536737085720899704542706181955076E00,Long,07/07/2022
FUTURES,4810001,TRUE BEACON AIF-TRUE BEACON AIF SCHEME 1  ,FUT15967,Tata Chemicals - 28/07/2022,,26000,796.406671999616,822.9,0,21395400,688826.528009984,3.3266079921034079652574378591577882413E00,Long,07/07/2022
FUTURES,4810001,TRUE BEACON AIF-TRUE BEACON AIF SCHEME 1  ,FUT15936,Tata Consultancy Services Ltd. - 28/07/2022,,300,3285.62528235225,3285.15,0,985545,-142.584705675,-1.4465506909836508005969893816667163356E-02,Long,07/07/2022
FUTURES,4810001,TRUE BEACON AIF-TRUE BEACON AIF SCHEME 1  ,FUT15911,Tata Consumer Products Ltd - 28/07/2022,,90000,735.917628154731,755.2,0,67968000,1735413.46607421,2.6201807250654373728766010886444354027E00,Long,07/07/2022
FUTURES,4810001,TRUE BEACON AIF-TRUE BEACON AIF SCHEME 1  ,FUT15893,Tata Steel Ltd - 28/07/2022,,127500,877.568190083314,903.85,0,115240875,3350930.764377465,2.99484532526080674889916092619790070854E00,Long,07/07/2022
FUTURES,4810001,TRUE BEACON AIF-TRUE BEACON AIF SCHEME 1  ,FUT15918,Tech Mahindra Ltd - 28/07/2022,,80400,984.447330444363,995.15,0,80010060,860494.6322732148,1.08717543586674104930727715733321192566E00,Long,07/07/2022
FUTURES,4810001,TRUE BEACON AIF-TRUE BEACON AIF SCHEME 1  ,FUT15894,Titan Company Ltd - 28/07/2022,,21000,1943.461948154714,2125.2,0,44629200,3816499.088751006,9.35125341753376597562263201607460549583E00,Long,07/07/2022
FUTURES,4810001,TRUE BEACON AIF-TRUE BEACON AIF SCHEME 1  ,FUT15919,Torrent Pharmaceuticals Ltd - 28/07/2022,,1500,2868.619601395,2955.45,0,4433175,130245.5979075,3.02690529489426451441052030823373171194E00,Long,07/07/2022
FUTURES,4810001,TRUE BEACON AIF-TRUE BEACON AIF SCHEME 1  ,FUT15896,UPL Ltd - 28/07/2022,,20800,647.146830211407,673.6,0,14010880,550225.9316027344,4.08766118501289701420615547312148510392E00,Long,07/07/2022
FUTURES,4810001,TRUE BEACON AIF-TRUE BEACON AIF SCHEME 1  ,FUT15895,Ultratech Cement Ltd - 28/07/2022,,7500,5592.816972372105,5807.45,0,43555875,1609747.7072092125,3.83765513314950821113325041009338824045E00,Long,07/07/2022
FUTURES,4810001,TRUE BEACON AIF-TRUE BEACON AIF SCHEME 1  ,FUT15890,United Spirits Ltd - 28/07/2022,,39375,750.890064167007,815.75,0,32120156.25,2553859.973424099375,8.63774058655906899556541417260996927411E00,Long,07/07/2022
FUTURES,4810001,TRUE BEACON AIF-TRUE BEACON AIF SCHEME 1  ,FUT15897,Vedanta Ltd - 28/07/2022,,108500,226.345094541,228.6,0,24803100,244657.2423015,9.96224576270438201932898677071842412914E-01,Long,07/07/2022
FUTURES,4810001,TRUE BEACON AIF-TRUE BEACON AIF SCHEME 1  ,FUT16005,Voltas Ltd - 28/07/2022,,5000,952.632485514,972.8,0,4864000,100837.57243,2.117029892710247682921428709181994401,Long,07/07/2022
OTHERASSETS,4810001,TRUE BEACON AIF-TRUE BEACON AIF SCHEME 1  ,ADVTAX2021-22,Advance Tax 2021 - 2022,,48981133,1,1,0,48981133,0,0,Long,07/07/2022
OTHERASSETS,4810001,TRUE BEACON AIF-TRUE BEACON AIF SCHEME 1  ,ADVTAX2022-23,Advance Tax 2022 - 2023,,15984556,1,1,0,15984556,0,0,Long,07/07/2022
OTHERASSETS,4810001,TRUE BEACON AIF-TRUE BEACON AIF SCHEME 1  ,TDSACCOUNT,Tax Deducted at Source,,10972173.811,1,1,0,10972173.811,0,0,Long,07/07/2022
CASH,4810001,TRUE BEACON AIF-TRUE BEACON AIF SCHEME 1  ,CASH,Cash,,1555055898.253444,1,1,0,1555055898.253444,0,0,Long,07/07/2022
CASH,4810001,TRUE BEACON AIF-TRUE BEACON AIF SCHEME 1  ,LIQUIDBEES,NIPPON INDIA ETF LIQUID BEES,INF732E01037,2451132.154,1000.19097118144,1000,0,2451132154,-468095.60331495202176,-1.9093471841124709042335808879601044546E-02,Long,07/07/2022
FUTURES,4810001,TRUE BEACON AIF-TRUE BEACON AIF SCHEME 1  ,FUT16004,ASTRAL LIMITED - 28/07/2022,,-5500,1701.798134736,1699.8,0,-9348900,10989.741048,-1.174131464370167914535718027119256162E-01,Short,07/07/2022
FUTURES,4810001,TRUE BEACON AIF-TRUE BEACON AIF SCHEME 1  ,FUT15970,Alkem Laboratories Ltd - 28/07/2022,,-200,3010.77593309,3120.85,0,-624170,-22014.813382,3.65600328142086278084783745669847382459E00,Short,07/07/2022
FUTURES,4810001,TRUE BEACON AIF-TRUE BEACON AIF SCHEME 1  ,FUT15869,Ashok Leyland Ltd - 28/07/2022,,-440000,145.369719271477,147.15,0,-64746000,-783323.52055012,1.22465719645391718944080729193799954175E00,Short,07/07/2022
FUTURES,4810001,TRUE BEACON AIF-TRUE BEACON AIF SCHEME 1  ,FUT16014,Aurobindo Pharma Ltd -OLD ISIN - 28/07/2022,,-18000,541.994999928333,548.75,0,-9877500,-121590.001290006,1.24632147391769319102807095622913266953E00,Short,07/07/2022
FUTURES,4810001,TRUE BEACON AIF-TRUE BEACON AIF SCHEME 1  ,FUT15904,BIRLASOFT LIMITED NEW EQ RS. - 28/07/2022,,-81900,356.93963176746,334,0,-27354600,1878755.841754974,-6.4267539174256708931614674536779027152E00,Short,07/07/2022
FUTURES,4810001,TRUE BEACON AIF-TRUE BEACON AIF SCHEME 1  ,FUT15959,Bajaj Finserv Limited - 28/07/2022,,-300,11141.467579821667,11980.9,0,-3594270,-251829.7260534999,7.53430743449481146789063880339391889069E00,Short,07/07/2022
FUTURES,4810001,TRUE BEACON AIF-TRUE BEACON AIF SCHEME 1  ,FUT15980,Bandhan Bank Ltd - 28/07/2022,,-28800,267.534043500625,280.75,0,-8085600,-380619.547182,4.93991580527362885920611438731907095968E00,Short,07/07/2022
FUTURES,4810001,TRUE BEACON AIF-TRUE BEACON AIF SCHEME 1  ,FUT15999,Bharat Petroleum Corporation Ltd - 28/07/2022,,-1800,321.74208495,328.8,0,-591840,-12704.24709,2.19365615508360619890363522056861713017E00,Short,07/07/2022
FUTURES,4810001,TRUE BEACON AIF-TRUE BEACON AIF SCHEME 1  ,FUT15940,COFORGE LIMITED - 28/07/2022,,-5550,3634.347079348919,3616.3,0,-20070465,100161.29038650045,-4.9657005659877903819257396158361937393E-01,Short,07/07/2022
FUTURES,4810001,TRUE BEACON AIF-TRUE BEACON AIF SCHEME 1  ,FUT15907,City Union Bank - 28/07/2022,,-180000,136.427199363889,145.05,0,-26109000,-1552104.11449998,6.32044099440289063610934744263719486351E00,Short,07/07/2022
FUTURES,4810001,TRUE BEACON AIF-TRUE BEACON AIF SCHEME 1  ,FUT15983,Cummins India Ltd - 28/07/2022,,-8400,1117.615363128571,1118.65,0,-9396660,-8690.9497200036,9.25753980808489373757357443131929098383E-02,Short,07/07/2022
FUTURES,4810001,TRUE BEACON AIF-TRUE BEACON AIF SCHEME 1  ,FUT15866,Dr. Reddys Laboratories Ltd - 28/07/2022,,-13500,4396.594578881284,4324.35,0,-58378725,975301.814897334,-1.6431940126639257770888978327498605586E00,Short,07/07/2022
FUTURES,4810001,TRUE BEACON AIF-TRUE BEACON AIF SCHEME 1  ,FUT15879,Godrej Consumer Products Ltd - 28/07/2022,,-22000,876.842065518182,858.5,0,-18887000,403525.441400004,-2.0918322967708559429053900667885945509E00,Short,07/07/2022
FUTURES,4810001,TRUE BEACON AIF-TRUE BEACON AIF SCHEME 1  ,FUT15982,Grasim Industries Ltd - 28/07/2022,,-950,1328.292323205,1379.85,0,-1310857.5,-48979.79295525,3.88150077315796723271630074556499439104E00,Short,07/07/2022
FUTURES,4810001,TRUE BEACON AIF-TRUE BEACON AIF SCHEME 1  ,FUT15888,HCL Technologies Ltd - 28/07/2022,,-44100,982.319403040055,984.05,0,-43396605,-76319.3259335745,1.7617456751736718744024631396503213924E-01,Short,07/07/2022
FUTURES,4810001,TRUE BEACON AIF-TRUE BEACON AIF SCHEME 1  ,FUT15963,HDFC Asset Management Company Ltd - 28/07/2022,,-33600,1778.020991750446,1911.2,0,-64216320,-4474814.6771850144,7.49029448288124201706891066352922729257E00,Short,07/07/2022
FUTURES,4810001,TRUE BEACON AIF-TRUE BEACON AIF SCHEME 1  ,FUT15883,Hero MotoCorp Limited - 28/07/2022,,-13800,2704.597848817808,2812.1,0,-38806980,-1483529.6863142496,3.97479245312502479425722360593185256327E00,Short,07/07/2022
FUTURES,4810001,TRUE BEACON AIF-TRUE BEACON AIF SCHEME 1  ,FUT15931,Hindalco Industries Ltd - 28/07/2022,,-75250,345.497954622862,362.4,0,-27270600,-1271878.9146296345,4.89208261611502231229237604261166210364E00,Short,07/07/2022
FUTURES,4810001,TRUE BEACON AIF-TRUE BEACON AIF SCHEME 1  ,FUT15949,ICICI Bank Ltd - 28/07/2022,,-30250,712.591560725455,743.3,0,-22484825,-928930.28805498625,4.30940260410637242719800328652092444903E00,Short,07/07/2022
FUTURES,4810001,TRUE BEACON AIF-TRUE BEACON AIF SCHEME 1  ,FUT15899,Indiabulls Housing Finance Ltd - 28/07/2022,,-48000,97.6350981175,96.9,0,-4651200,35284.70964,-7.5290354767231178636706407671009836019E-01,Short,07/07/2022
FUTURES,4810001,TRUE BEACON AIF-TRUE BEACON AIF SCHEME 1  ,FUT15900,Indian Hotels Co. - 28/07/2022,,-20110,230.084339786,244.5,0,-4916895,-289898.92690354,6.26538087181766263001201995243384347592E00,Short,07/07/2022
FUTURES,4810001,TRUE BEACON AIF-TRUE BEACON AIF SCHEME 1  ,FUT15957,Info Edge India Ltd - 28/07/2022,,-7250,3764.496184219138,3925,0,-28456250,-1163652.6644112495,4.2636200948668245003196618495095145889E00,Short,07/07/2022
FUTURES,4810001,TRUE BEACON AIF-TRUE BEACON AIF SCHEME 1  ,FUT15928,JSW Steel Ltd - 28/07/2022,,-74250,558.620165651839,576.85,0,-42831112.5,-1353565.20035095425,3.26336846914380393060420937306995132635E00,Short,07/07/2022
FUTURES,4810001,TRUE BEACON AIF-TRUE BEACON AIF SCHEME 1  ,FUT15908,Kotak Mahindra Bank Ltd - 28/07/2022,,-34800,1682.237064226034,1745.3,0,-60736440,-2194590.1649340168,3.74875438872701835233044011313576746842E00,Short,07/07/2022
FUTURES,4810001,TRUE BEACON AIF-TRUE BEACON AIF SCHEME 1  ,FUT15891,MRF Ltd - 28/07/2022,,-350,69526.576746993424,75265.4,0,-26342890,-2008588.1385523016,8.25414326652396716836332033438118493584E00,Short,07/07/2022
FUTURES,4810001,TRUE BEACON AIF-TRUE BEACON AIF SCHEME 1  ,FUT15968,Mahanagar Gas Limited - 28/07/2022,,-49600,769.757676398548,792.4,0,-39303040,-1123059.2506320192,2.94148721028522248255598447584987447286E00,Short,07/07/2022
FUTURES,4810001,TRUE BEACON AIF-TRUE BEACON AIF SCHEME 1  ,FUT15966,Mahindra and Mahindra Financial Services Ltd - 28/07/2022,,-224000,173.3082365125,185.9,0,-41641600,-2820555.0212,7.26553090660051153233847374499000847076E00,Short,07/07/2022
FUTURES,4810001,TRUE BEACON AIF-TRUE BEACON AIF SCHEME 1  ,FUT15882,Maruti Suzuki India Ltd - 28/07/2022,,-31000,8505.958490209032,8629.3,0,-267508300,-3823586.803520008,1.45006009531956827573880624524253537157E00,Short,07/07/2022
FUTURES,4810001,TRUE BEACON AIF-TRUE BEACON AIF SCHEME 1  ,FUT15864,Max Financial Services Limited - 28/07/2022,,-40950,791.000382181746,858.05,0,-35137147.5,-2745681.8496575013,8.47655947185727050916623768968176423062E00,Short,07/07/2022
FUTURES,4810001,TRUE BEACON AIF-TRUE BEACON AIF SCHEME 1  ,FUT15969,MphasiS Limited  - 28/07/2022,,-2100,2271.119129095,2219.25,0,-4660425,108925.1710995,-2.2838576995152566999254272114878058494E00,Short,07/07/2022
FUTURES,4810001,TRUE BEACON AIF-TRUE BEACON AIF SCHEME 1  ,FUT15988,Muthoot Finance Limited - 28/07/2022,,-13500,1057.168437461111,1050.25,0,-14178375,93398.9057249985,-6.5443095120454744493958054398143658898E-01,Short,07/07/2022
FUTURES,4810001,TRUE BEACON AIF-TRUE BEACON AIF SCHEME 1  ,FUT15958,Navin Fluorine International Ltd   - 28/07/2022,,-5850,3627.378071996538,3794.35,0,-22196947.5,-976785.7788202527,4.60310242520596456332001089775519100556E00,Short,07/07/2022
FUTURES,4810001,TRUE BEACON AIF-TRUE BEACON AIF SCHEME 1  ,FUTUREBORROW,Notional Amount Adj.,,1351553463.750529,1,1,0,1351553463.750529,0,0,Short,07/07/2022
FUTURES,4810001,TRUE BEACON AIF-TRUE BEACON AIF SCHEME 1  ,FUT15943,Oberoi Realty Ltd - 28/07/2022,,-42700,745.607887102951,794.9,0,-33942230,-2104773.2207039923,6.61099671149842769508489033775914907246E00,Short,07/07/2022
FUTURES,4810001,TRUE BEACON AIF-TRUE BEACON AIF SCHEME 1  ,FUT16015,PI Industries Ltd - 28/07/2022,,-10750,2726.461997152326,2787.25,0,-29962937.5,-653471.0306124955,2.22955621281956222341801720875247068799E00,Short,07/07/2022
FUTURES,4810001,TRUE BEACON AIF-TRUE BEACON AIF SCHEME 1  ,FUT15960,Pidilite Industries Ltd - 28/07/2022,,-7000,2119.633570017143,2235.25,0,-15646750,-809315.009879999,5.45454797556928327194535599701274818088E00,Short,07/07/2022
FUTURES,4810001,TRUE BEACON AIF-TRUE BEACON AIF SCHEME 1  ,FUT15868,Shriram Transport Finance Co Ltd - 28/07/2022,,-7800,1265.865012800769,1239.55,0,-9668490,205257.0998459982,-2.0788166617028262256962431520900943167E00,Short,07/07/2022
FUTURES,4810001,TRUE BEACON AIF-TRUE BEACON AIF SCHEME 1  ,FUT16000,Siemens Ltd - 28/07/2022,,-3575,2645.377229811539,2666.05,0,-9531128.75,-73905.153423748075,7.81467760268495316098249207266062445034E-01,Short,07/07/2022
FUTURES,4810001,TRUE BEACON AIF-TRUE BEACON AIF SCHEME 1  ,FUT15935,State Bank of India - 28/07/2022,,-171000,468.494589796803,488.25,0,-83490750,-3378175.144746687,4.21678513123606846412415435513275786707E00,Short,07/07/2022
FUTURES,4810001,TRUE BEACON AIF-TRUE BEACON AIF SCHEME 1  ,FUT15945,Steel Authority of India Ltd - 28/07/2022,,-492000,69.449511012194,73.15,0,-35989800,-1820640.582000552,5.32831539613902424826980766382355039688E00,Short,07/07/2022
FUTURES,4810001,TRUE BEACON AIF-TRUE BEACON AIF SCHEME 1  ,FUT15924,The Ramco Cements Limited - 28/07/2022,,-56100,623.124064710303,646.3,0,-36257430,-1300169.9697520017,3.7193131516228214714924812153209928277E00,Short,07/07/2022
FUTURES,4810001,TRUE BEACON AIF-TRUE BEACON AIF SCHEME 1  ,FUT15979,Trent Ltd - 28/07/2022,,-4350,1076.948506415,1173,0,-5102550,-417823.99709475,8.91885665961328190584860517841029332461E00,Short,07/07/2022
FUTURES,4810001,TRUE BEACON AIF-TRUE BEACON AIF SCHEME 1  ,FUT15937,United Breweries Ltd - 28/07/2022,,-22800,1442.506618727368,1627.3,0,-37102440,-4213289.0930160096,1.28105742374799962533223193054449135646E01,Short,07/07/2022
FUTURES,4810001,TRUE BEACON AIF-TRUE BEACON AIF SCHEME 1  ,FUT16006,Whirlpool of India Ltd - 28/07/2022,,-3150,1548.484128575555,1654.45,0,-5211517.5,-333792.49498700175,6.84320035762475817780373290786108238768E00,Short,07/07/2022
FUTURES,4810001,TRUE BEACON AIF-TRUE BEACON AIF SCHEME 1  ,FUT15981,Wipro Ltd - 28/07/2022,,-6000,418.673033723333,422.65,0,-2535900,-23861.797660002,9.49897881241392291602454341830804979409E-01,Short,07/07/2022
